{"cameraMode":{"drawMode":0,"name":"Shaded","section":"Shading Mode"},"sceneLighting":false,"audioPlay":false,"sceneViewState":{"showFog":true,"showMaterialUpdate":false,"showSkybox":false,"showFlares":true,"showImageEffects":true,"showParticleSystems":true},"in2DMode":false,"pivot":{"x":0.08847641944885254,"y":1.0085818767547608,"z":0.005055069923400879},"rotation":{"x":0.3143864572048187,"y":0.007119307294487953,"z":-0.0023475969210267069,"w":0.9492994546890259},"size":2.181041955947876,"orthographic":false}