{"cameraMode":{"drawMode":0,"name":"Shaded","section":"Shading Mode"},"sceneLighting":false,"audioPlay":false,"sceneViewState":{"showFog":true,"showMaterialUpdate":false,"showSkybox":false,"showFlares":true,"showImageEffects":true,"showParticleSystems":true},"in2DMode":false,"pivot":{"x":0.4867909252643585,"y":0.048956871032714847,"z":0.028338313102722169},"rotation":{"x":0.3143864572048187,"y":0.007119307294487953,"z":-0.0023475969210267069,"w":0.9492994546890259},"size":1.9578850269317628,"orthographic":false}