{"cameraMode":{"drawMode":0,"name":"Shaded","section":"Shading Mode"},"sceneLighting":true,"audioPlay":false,"sceneViewState":{"showFog":true,"showMaterialUpdate":false,"showSkybox":false,"showFlares":true,"showImageEffects":true,"showParticleSystems":true},"in2DMode":false,"pivot":{"x":1.3298166990280152,"y":-0.7472456097602844,"z":1.8894144296646119},"rotation":{"x":0.20198921859264375,"y":0.3082871437072754,"z":-0.06715844571590424,"w":0.9271793365478516},"size":4.210860729217529,"orthographic":false}