{"cameraMode":{"drawMode":0,"name":"Shaded","section":"Shading Mode"},"sceneLighting":true,"audioPlay":false,"sceneViewState":{"showFog":true,"showMaterialUpdate":false,"showSkybox":false,"showFlares":true,"showImageEffects":true,"showParticleSystems":true},"in2DMode":false,"pivot":{"x":-0.8222204446792603,"y":-0.17805880308151246,"z":0.7597856521606445},"rotation":{"x":-0.25900864601135256,"y":0.37335115671157839,"z":-0.10938356816768646,"w":-0.8840631246566773},"size":1.8255720138549805,"orthographic":false}