{"cameraMode":{"drawMode":0,"name":"Shaded","section":"Shading Mode"},"sceneLighting":true,"audioPlay":false,"sceneViewState":{"showFog":true,"showMaterialUpdate":false,"showSkybox":false,"showFlares":true,"showImageEffects":true,"showParticleSystems":true},"in2DMode":false,"pivot":{"x":-3.327627420425415,"y":0.13461071252822877,"z":1.4186875820159913},"rotation":{"x":-0.2998160421848297,"y":-0.002296694088727236,"z":0.0007214696379378438,"w":-0.9539966583251953},"size":1.225572109222412,"orthographic":false}