{"cameraMode":{"drawMode":0,"name":"Shaded","section":"Shading Mode"},"sceneLighting":true,"audioPlay":false,"sceneViewState":{"showFog":true,"showMaterialUpdate":false,"showSkybox":false,"showFlares":true,"showImageEffects":true,"showParticleSystems":true},"in2DMode":false,"pivot":{"x":0.27476048469543459,"y":0.017208516597747804,"z":0.13694477081298829},"rotation":{"x":0.265281081199646,"y":-0.0057851099409163,"z":0.0015919046709313989,"w":0.9641539454460144},"size":1.5342954397201539,"orthographic":false}