{"cameraMode":{"drawMode":0,"name":"Shaded","section":"Shading Mode"},"sceneLighting":true,"audioPlay":false,"sceneViewState":{"showFog":true,"showMaterialUpdate":false,"showSkybox":false,"showFlares":true,"showImageEffects":true,"showParticleSystems":true},"in2DMode":false,"pivot":{"x":-1.0386474132537842,"y":-0.6149139404296875,"z":-1.066343069076538},"rotation":{"x":-0.07611314952373505,"y":0.9221996665000916,"z":-0.2374415099620819,"w":-0.29561272263526919},"size":3.025571823120117,"orthographic":false}