{"cameraMode":{"drawMode":0,"name":"Shaded","section":"Shading Mode"},"sceneLighting":true,"audioPlay":false,"sceneViewState":{"showFog":true,"showMaterialUpdate":false,"showSkybox":false,"showFlares":true,"showImageEffects":true,"showParticleSystems":true},"in2DMode":false,"pivot":{"x":1.6763081550598145,"y":-0.4070636034011841,"z":-1.5989713668823243},"rotation":{"x":-0.08167390525341034,"y":-0.8664978742599487,"z":0.15097017586231233,"w":-0.46875521540641787},"size":4.510861396789551,"orthographic":false}