{"cameraMode":{"drawMode":0,"name":"Shaded","section":"Shading Mode"},"sceneLighting":true,"audioPlay":false,"sceneViewState":{"showFog":true,"showMaterialUpdate":false,"showSkybox":false,"showFlares":true,"showImageEffects":true,"showParticleSystems":true},"in2DMode":false,"pivot":{"x":0.991256833076477,"y":-0.623444139957428,"z":-1.1192917823791505},"rotation":{"x":-0.10086844861507416,"y":-0.8875482678413391,"z":0.2327839583158493,"w":-0.3845846354961395},"size":2.425571918487549,"orthographic":false}